{
    "pools": [
        {
            "rolls": {
                "min": 2,
                "max": 8
            },
            "entries": [
                {
                    "type": "item",
                    "name": "minecraft:apple",
                    "weight": 15,
                    "functions": [
                        {
                            "function": "minecraft:set_count",
                            "count": {
                                "min": 1,
                                "max": 3
                            }
                        }
                    ]
                },
                {
                    "type": "item",
                    "name": "minecraft:coal",
                    "weight": 15,
                    "functions": [
                        {
                            "function": "minecraft:set_count",
                            "count": {
                                "min": 1,
                                "max": 4
                            }
                        }
                    ]
                },
                {
                    "type": "item",
                    "name": "minecraft:gold_nugget",
                    "weight": 10,
                    "functions": [
                        {
                            "function": "minecraft:set_count",
                            "count": {
                                "min": 1,
                                "max": 3
                            }
                        }
                    ]
                },
                {
                    "type": "item",
                    "name": "minecraft:stone_axe",
                    "weight": 2
                },
                {
                    "type": "item",
                    "name": "minecraft:rotten_flesh",
                    "weight": 10
                },
                {
                    "type": "item",
                    "name": "minecraft:emerald",
                    "weight": 1
                },
                {
                    "type": "item",
                    "name": "minecraft:wheat",
                    "weight": 10,
                    "functions": [
                        {
                            "function": "minecraft:set_count",
                            "count": {
                                "min": 2,
                                "max": 3
                            }
                        }
                    ]
                }
            ]
        },
        {
            "rolls": 1,
            "entries": [
                {
                    "type": "item",
                    "name": "minecraft:golden_apple",
                    "weight": 1
                }
            ]
        },
        {
            "rolls": {
                "min": 1,
                "max": 2
            },
            "entries": [
                {
                    "type": "item",
                    "name": "minecraft:player_head",
                    "weight": 1,
                    "functions": [
                        {
                            "function": "set_nbt",
                            "tag": "{display:{Name:\"[\\\"\\\",{\\\"text\\\":\\\"Sapphire Gem\\\",\\\"color\\\":\\\"yellow\\\",\\\"italic\\\":false}]\"},SkullOwner:{Id:[I;2136532247,-2064694493,-2128802398,-1285646523],Properties:{textures:[{Value:\"eyJ0ZXh0dXJlcyI6eyJTS0lOIjp7InVybCI6Imh0dHA6Ly90ZXh0dXJlcy5taW5lY3JhZnQubmV0L3RleHR1cmUvYWVlNDY5MzBmNDg2NTkyZGJlMzVjMjEzNDc5ODE0MDNlMTQ3MGVjMGYwODUwY2M5MzM1YTQ4OTA5ODJjOTEzMCJ9fX0=\"}]}}}"
                        },
                        {
                            "function": "set_count",
                            "count": {
                                "min": 1,
                                "max": 2
                            }
                        }
                    ]
                },
                {
                    "type": "item",
                    "name": "minecraft:player_head",
                    "weight": 1,
                    "functions": [
                        {
                            "function": "set_nbt",
                            "tag": "{display:{Name:\"[\\\"\\\",{\\\"text\\\":\\\"Ruby Gem\\\",\\\"color\\\":\\\"yellow\\\",\\\"italic\\\":false}]\"},SkullOwner:{Id:[I;-1081697253,-440318984,-1764894910,1326511491],Properties:{textures:[{Value:\"eyJ0ZXh0dXJlcyI6eyJTS0lOIjp7InVybCI6Imh0dHA6Ly90ZXh0dXJlcy5taW5lY3JhZnQubmV0L3RleHR1cmUvYjkyNGUyNzI2YTg1NDE4M2FhMTE5NWM0ZTk1NzQ4NzdiOGFlZTM1NWI1NzViNWMwYmJlMGQ0MDc1Y2ZlOThjOCJ9fX0=\"}]}}}"
                        },
                        {
                            "function": "set_count",
                            "count": {
                                "min": 1,
                                "max": 2
                            }
                        }
                    ]
                },
                {
                    "type": "item",
                    "name": "minecraft:player_head",
                    "weight": 1,
                    "functions": [
                        {
                            "function": "set_nbt",
                            "tag": "{display:{Name:\"[\\\"\\\",{\\\"text\\\":\\\"Amethyst Gem\\\",\\\"color\\\":\\\"yellow\\\",\\\"italic\\\":false}]\"},SkullOwner:{Id:[I;741302389,-1122680079,-1949478128,-128023553],Properties:{textures:[{Value:\"eyJ0ZXh0dXJlcyI6eyJTS0lOIjp7InVybCI6Imh0dHA6Ly90ZXh0dXJlcy5taW5lY3JhZnQubmV0L3RleHR1cmUvZDJjYmZmMDZhZDJlMzg3ZDM0ZjZiOGE5YjkxYzI4MTcyMTViNzgxYWZlNjgzODk1ZjNkNmViNGUzZGE0MTgifX19\"}]}}}"
                        },
                        {
                            "function": "set_count",
                            "count": {
                                "min": 1,
                                "max": 2
                            }
                        }
                    ]
                },
                {
                    "type": "item",
                    "name": "minecraft:player_head",
                    "weight": 1,
                    "functions": [
                        {
                            "function": "set_nbt",
                            "tag": "{display:{Name:\"[\\\"\\\",{\\\"text\\\":\\\"Topaz Gem\\\",\\\"color\\\":\\\"yellow\\\",\\\"italic\\\":false}]\"},SkullOwner:{Id:[I;936336905,1647332135,-1666376031,-69753802],Properties:{textures:[{Value:\"eyJ0ZXh0dXJlcyI6eyJTS0lOIjp7InVybCI6Imh0dHA6Ly90ZXh0dXJlcy5taW5lY3JhZnQubmV0L3RleHR1cmUvZGQzYTI0MmRhM2FkYjE2MzE1Y2UyOWUxOWY3OWNjMjJmMzQwNTEwNTNhYmRhZDU2NjhlYWNhYWMxZWEwYjIyMiJ9fX0=\"}]}}}"
                        },
                        {
                            "function": "set_count",
                            "count": {
                                "min": 1,
                                "max": 2
                            }
                        }
                    ]
                },
                {
                    "type": "item",
                    "name": "minecraft:player_head",
                    "weight": 1,
                    "functions": [
                        {
                            "function": "set_nbt",
                            "tag": "{display:{Name:\"[\\\"\\\",{\\\"text\\\":\\\"Aquamarine Gem\\\",\\\"color\\\":\\\"yellow\\\",\\\"italic\\\":false}]\"},SkullOwner:{Id:[I;-1447408671,1641234977,-2097543137,-1000218569],Properties:{textures:[{Value:\"eyJ0ZXh0dXJlcyI6eyJTS0lOIjp7InVybCI6Imh0dHA6Ly90ZXh0dXJlcy5taW5lY3JhZnQubmV0L3RleHR1cmUvMmE5ZTI4ZmFiN2QzZDAxMWJjODRiZjE2ZGFmMmY5NThhOGI4OGIwNmUwZDVlNTBjMjU0NDdiNWRmNGM2MGI3YyJ9fX0=\"}]}}}"
                        },
                        {
                            "function": "set_count",
                            "count": {
                                "min": 1,
                                "max": 2
                            }
                        }
                    ]
                },
                {
                    "type": "empty",
                    "weight": 2
                }
            ]
        }
    ]
}